model,total_files,total_fields,correct_fields,overall_accuracy,mean_file_accuracy,std_file_accuracy,total_cost_usd
gpt4o,2,29,18,0.6206896551724138,0.553921568627451,0.38725490196078427,0.0682
gpt5_TimeOpt,2,29,4,0.13793103448275862,0.15441176470588236,0.09558823529411765,0.05840000000000001
gpt5_noOpt,2,29,5,0.1724137931034483,0.1715686274509804,0.004901960784313736,0.33940000000000003
gpt-5-mini,2,29,6,0.20689655172413793,0.18872549019607843,0.1053921568627451,0.1377
