model,total_files,total_fields,correct_fields,overall_accuracy,mean_file_accuracy,std_file_accuracy,total_cost_usd
gpt4o,2,29,18,0.6206896551724138,0.553921568627451,0.38725490196078427,0.0682
gpt-5-mini,2,29,6,0.20689655172413793,0.18872549019607843,0.1053921568627451,0.1377
